I'm so thrilled about this opportunity!;0;joy
I can’t believe how lucky I am today!;0;joy
This is the happiest moment of my life.;0;joy
Smiling all day feels so natural today!;0;joy
What a fantastic experience this has been.;0;joy
I’m overjoyed with how things turned out!;0;joy
Winning this award feels surreal!;0;joy
I’m grinning from ear to ear.;0;joy
I’m so proud of what we’ve accomplished!;0;joy
This fills my heart with happiness.;0;joy
I feel like I’m on top of the world!;0;joy
Everything is finally falling into place.;0;joy
I can’t stop smiling right now.;0;joy
This moment is pure bliss.;0;joy
Hearing that news just made my day!;0;joy
I’m feeling on cloud nine today.;0;joy
This is better than I ever imagined.;0;joy
What an incredible feeling of joy!;0;joy
I’m so grateful for this opportunity.;0;joy
Today is such a wonderful day!;0;joy
I can’t believe how perfect this is.;0;joy
This moment will stay with me forever.;0;joy
I’m jumping with excitement!;0;joy
I’ve never felt this good before.;0;joy
This brings me so much happiness.;0;joy
This success feels like a dream come true.;0;joy
Life just keeps getting better and better!;0;joy
I can’t wait to celebrate this victory!;0;joy
This is a moment I’ll never forget.;0;joy
What a wonderful surprise this is!;0;joy
Happiness is radiating from me right now.;0;joy
I’m so excited I can hardly contain myself;0;joy
I’m absolutely ecstatic about this outcome!;0;joy
Hearing those words brought me so much joy.;0;joy
I feel like nothing can bring me down today.;0;joy
I’m glowing with happiness.;0;joy
This day is simply perfect.;0;joy
Everything about this moment feels amazing.;0;joy
This makes all the hard work worth it!;0;joy
I can’t stop laughing from joy!;0;joy
What an incredible blessing this is.;0;joy
I feel so lucky to have this experience.;0;joy
This is everything I ever hoped for.;0;joy
I’m completely over the moon right now.;0;joy
This news has made me so incredibly happy!;0;joy
I couldn’t ask for a better outcome.;0;joy
This is pure happiness in its truest form.;0;joy
This achievement is a dream come true.;0;joy
I’m smiling so much it hurts!;0;joy
I couldn’t be happier if I tried.;0;joy
I feel like a part of me is missing;1;sadness
Its hard to get through the day with this pain;1;sadness
The memories bring tears to my eyes;1;sadness
I wish things could have been different;1;sadness
This overwhelming sadness won’t leave me;1;sadness
I feel like I’ve lost everything;1;sadness
Why does this always happen to me;1;sadness
It’s hard to find the strength to carry on;1;sadness
My heart feels so heavy right now;1;sadness
I can’t stop crying over this;1;sadness
This is one of the worst days of my life;1;sadness
I feel so hopeless and alone;1;sadness
I wish I could turn back time;1;sadness
Nothing seems to bring me comfort;1;sadness
I feel so defeated and broken;1;sadness
This loss has left a hole in my heart;1;sadness
I can’t believe this is happening to me;1;sadness
This sadness feels endless;1;sadness
It’s hard to even find the words to describe this pain;1;sadness
I feel like I’m drowning in sorrow;1;sadness
Why does everything feel so pointless;1;sadness
This is a pain I wouldn’t wish on anyone;1;sadness
It’s hard to imagine ever feeling happy again;1;sadness
I feel like I’ve lost a part of myself;1;sadness
This heartache is unbearable;1;sadness
I don’t know how to move on from this;1;sadness
I feel so empty inside;1;sadness
This sadness is all-consuming;1;sadness
It’s hard to even get out of bed some days;1;sadness
I can’t believe they’re really gone;1;sadness
This grief feels like it will never go away;1;sadness
I feel like I’m stuck in a dark place;1;sadness
It’s hard to find a reason to smile anymore;1;sadness
I feel like I’ve lost all hope;1;sadness
This sadness is a weight on my chest;1;sadness
I can’t stop thinking about what I’ve lost;1;sadness
I feel like everything is falling apart;1;sadness
This pain feels like it will never end;1;sadness
I feel so utterly alone;1;sadness
It’s hard to even breathe through this sadness;1;sadness
I can’t believe how much this hurts;1;sadness
Everything feels so bleak and hopeless;1;sadness
I feel like I’ve been abandoned;1;sadness
This sadness has taken over my life;1;sadness
I can’t find a way to escape this pain;1;sadness
It feels like there’s a storm inside me;1;sadness
I wish I could just disappear;1;sadness
This sorrow is too much to bear;1;sadness
I feel like I’ve lost my way completely;1;sadness
I don’t think I’ll ever recover from this;1;sadness
I can’t shake this feeling of dread;2;fear
Walking down that dark alley was terrifying;2;fear
I feel my heart racing every time I think about it;2;fear
The thought of failure scares me so much;2;fear
I had chills running down my spine;2;fear
That noise in the middle of the night was horrifying;2;fear
I feel frozen in fear;2;fear
This situation is too dangerous I can’t handle it;2;fear
I’m afraid of what might happen next;2;fear
Every step closer makes me more scared;2;fear
I feel like something bad is going to happen;2;fear
I can’t breathe the fear is overwhelming;2;fear
The darkness makes everything scarier;2;fear
I’m terrified of what lies ahead;2;fear
This is my worst nightmare come to life;2;fear
I feel completely paralyzed by fear;2;fear
The thought of losing them fills me with fear;2;fear
I’m scared to even open the door;2;fear
I feel like I’m being watched and it terrifies me;2;fear
This fear won’t leave my mind;2;fear
I can’t stop imagining the worst possible outcome;2;fear
I feel trapped and helpless;2;fear
This fear is consuming me;2;fear
I can’t even speak because I’m so scared;2;fear
I wish I could run away from this;2;fear
Every noise I hear makes me jump;2;fear
I feel like I’m in constant danger;2;fear
The fear is making me shake uncontrollably;2;fear
I can’t stop thinking about what could go wrong;2;fear
This feeling of unease won’t go away;2;fear
I’m afraid I’ll make the wrong choice;2;fear
This fear is too much to bear;2;fear
I don’t think I’ve ever been this scared before;2;fear
Every shadow looks like a threat to me;2;fear
This is too risky I’m too scared to continue;2;fear
I can feel the fear gripping my chest;2;fear
I’m shaking just thinking about what’s coming next;2;fear
The uncertainty is making me panic;2;fear
I don’t know how to protect myself from this;2;fear
This fear is making it hard to focus;2;fear
I feel like my heart is going to explode from fear;2;fear
I can’t stop trembling the fear is overwhelming;2;fear
This is a terrifying experience I’ll never forget;2;fear
I feel so vulnerable and scared right now;2;fear
I can’t bring myself to look behind me;2;fear
This fear is making me want to cry;2;fear
I feel completely powerless and afraid;2;fear
I’m terrified of what might happen if I fail;2;fear
I can’t believe how unfair this is;3;anger
They crossed the line this time;3;anger
Why do they always make me so mad;3;anger
This is beyond frustrating I’ve had enough;3;anger
I’m boiling with anger right now;3;anger
This situation is making me furious;3;anger
I can’t control my temper anymore;3;anger
They’re testing my patience too much;3;anger
I feel like I’m about to explode from rage;3;anger
This injustice is infuriating;3;anger
How could they treat me like this;3;anger
I feel so disrespected and it angers me;3;anger
This is the last straw I can’t take it anymore;3;anger
I feel my blood boiling just thinking about it;3;anger
Why can’t they understand how wrong this is;3;anger
I’m fuming with anger over what they said;3;anger
I can’t calm down I’m too mad;3;anger
This makes me so angry I want to scream;3;anger
I can’t believe they did this to me;3;anger
I’m so frustrated I want to break something;3;anger
How dare they act this way;3;anger
I can’t handle this level of disrespect;3;anger
This makes me so mad I can’t think straight;3;anger
Why does this always happen to me;3;anger
I’m tired of being treated like this;3;anger
They’re pushing all my buttons today;3;anger
This blatant unfairness is unbearable;3;anger
I can’t stand their arrogance;3;anger
This situation is completely unacceptable;3;anger
I’ve never been this angry in my life;3;anger
I feel like shouting at the top of my lungs;3;anger
This is outrageous and I won’t stand for it;3;anger
Why don’t they ever listen to me;3;anger
I feel like I’ve been wronged in every possible way;3;anger
This is an insult I can’t ignore;3;anger
I can’t believe they had the nerve to do that;3;anger
I feel like punching a wall right now;3;anger
This betrayal makes my blood boil;3;anger
I feel so offended by their actions;3;anger
This situation is so frustrating I could cry;3;anger
I feel trapped and furious about it;3;anger
This level of incompetence is maddening;3;anger
I’m seething with rage;3;anger
This disrespect is completely intolerable;3;anger
Why can’t they just act responsibly;3;anger
This rudeness is making my head spin;3;anger
I can’t believe how insensitive they are;3;anger
I feel like nothing can calm me down right now;3;anger
I’m furious and I need to vent;3;anger
That smell is absolutely revolting;4;disgust
I feel nauseous just looking at it;4;disgust
This is the most disgusting thing I’ve ever seen;4;disgust
I can’t believe how gross this is;4;disgust
This makes my stomach turn;4;disgust
How can anyone tolerate this filth;4;disgust
I feel like I need to wash my hands after this;4;disgust
This is making me gag;4;disgust
I feel a deep sense of revulsion right now;4;disgust
I can’t stand being around this;4;disgust
This is so unhygienic it’s unbearable;4;disgust
I can’t look at that without feeling disgusted;4;disgust
This situation makes me feel sick;4;disgust
I feel like throwing up just thinking about it;4;disgust
This is the most vile thing I’ve encountered;4;disgust
I’m repulsed by what I’m seeing;4;disgust
This behavior is absolutely disgraceful;4;disgust
I feel so grossed out by this;4;disgust
This is completely unacceptable and disgusting;4;disgust
I can’t believe they allowed this to happen;4;disgust
This taste is making me sick;4;disgust
How can anyone stand this awful smell;4;disgust
This is such a horrible experience;4;disgust
I feel revolted by their actions;4;disgust
This sight is making my skin crawl;4;disgust
I’m appalled by what they did;4;disgust
This is so offensive I can’t bear it;4;disgust
I feel like I need to leave immediately;4;disgust
This is the most unpleasant feeling ever;4;disgust
I’m horrified by what I just witnessed;4;disgust
This makes me question everything about them;4;disgust
I feel a wave of revulsion every time I think about it;4;disgust
This is so bad I can’t even describe it;4;disgust
I can’t believe they think this is okay;4;disgust
This is the epitome of disgusting behavior;4;disgust
I’m physically repelled by this;4;disgust
This level of filth is unbearable;4;disgust
I feel like my senses are being assaulted;4;disgust
This makes me shudder with disgust;4;disgust
I can’t handle how awful this is;4;disgust
This stinks so bad it’s making me dizzy;4;disgust
I feel like I need to run away from this;4;disgust
This is so bad it’s beyond words;4;disgust
I feel tainted just being near this;4;disgust
This experience has left a horrible impression on me;4;disgust
This situation is repugnant in every way;4;disgust
I can’t imagine anything more unpleasant than this;4;disgust
This is so disturbing it makes me want to cry;4;disgust
I can’t believe this just happened;5;surprise
This is the most unexpected thing ever;5;surprise
Wow I’m absolutely amazed;5;surprise
This came out of nowhere and shocked me;5;surprise
I never saw this coming;5;surprise
This is such a pleasant surprise;5;surprise
I feel completely caught off guard;5;surprise
This is astonishing in every way;5;surprise
I can’t believe my eyes;5;surprise
This news is beyond anything I imagined;5;surprise
I feel like my heart skipped a beat;5;surprise
This is one of the biggest surprises of my life;5;surprise
I’m speechless from what I just experienced;5;surprise
This is such an incredible twist;5;surprise
I never imagined it would turn out this way;5;surprise
This surprise has left me in awe;5;surprise
I’m completely floored by what just happened;5;surprise
This is so unexpected it feels surreal;5;surprise
I feel a wave of shock and amazement;5;surprise
This moment has left me stunned;5;surprise
I can’t believe this is actually real;5;surprise
This surprise has completely blown me away;5;surprise
I feel like I’m dreaming;5;surprise
This is such an unbelievable moment;5;surprise
I’m in awe of what I just heard;5;surprise
This news has left me utterly astonished;5;surprise
This turn of events is beyond comprehension;5;surprise
I can’t believe how lucky I am to witness this;5;surprise
This is such a delightful surprise;5;surprise
I feel like I need to pinch myself;5;surprise
This is so sudden I can’t process it;5;surprise
I never thought this would happen in a million years;5;surprise
This is such an incredible moment of wonder;5;surprise
I’m completely at a loss for words;5;surprise
This surprise has left me with chills;5;surprise
This is such a shocking revelation;5;surprise
I feel like the ground has shifted beneath me;5;surprise
This is such an amazing discovery;5;surprise
I’m in complete disbelief right now;5;surprise
This is the kind of surprise you never forget;5;surprise
I feel like the universe just gave me a gift;5;surprise
This moment will be etched in my memory forever;5;surprise
This news is the most unexpected thing ever;5;surprise
I’m overwhelmed with amazement;5;surprise
This is such an extraordinary experience;5;surprise
This has completely changed the way I see things;5;surprise
I can’t wait to share this surprising moment with others;5;surprise
This shock has completely taken my breath away;5;surprise
I trust you with all my heart;6;trust
I know I can rely on you no matter what;6;trust
You’ve always been there for me when I needed you;6;trust
I feel safe knowing you’ve got my back;6;trust
There’s no one else I would trust with this;6;trust
I believe in you and your abilities;6;trust
You’ve never let me down before;6;trust
I have complete faith in your judgment;6;trust
I feel secure knowing I can depend on you;6;trust
You’ve earned my trust over the years;6;trust
I know you’ll always tell me the truth;6;trust
I trust you to make the right decision;6;trust
You’ve proven yourself to me time and time again;6;trust
I feel confident leaving this in your hands;6;trust
I have no doubt you’ll handle this perfectly;6;trust
I trust you more than anyone else in my life;6;trust
You’ve shown me I can rely on you completely;6;trust
You’re the first person I turn to for advice;6;trust
I know I can count on you to help me;6;trust
I feel a sense of reassurance when you’re around;6;trust
You’ve built a foundation of trust with me;6;trust
I know you’ll always keep your promises;6;trust
I can share anything with you without fear;6;trust
You’ve never given me a reason to doubt you;6;trust
I trust you to look out for my best interests;6;trust
You’re the person I trust the most in the world;6;trust
You’ve always been honest and transparent with me;6;trust
I feel like I can be myself around you;6;trust
You’re someone I know I can trust without hesitation;6;trust
You’ve earned my respect and trust over time;6;trust
I believe you’ll always do what’s right;6;trust
I feel a deep sense of trust in your intentions;6;trust
You’ve shown me that trust is the foundation of our relationship;6;trust
I know you’ll never betray my confidence;6;trust
You’ve proven to be reliable in every situation;6;trust
I trust your ability to handle tough decisions;6;trust
You’ve always acted with integrity which I admire;6;trust
I feel secure knowing I can lean on you for support;6;trust
You’re someone I know will never let me down;6;trust
I trust you because you’ve always been consistent;6;trust
You’ve built a reputation of trustworthiness;6;trust
I feel like I can rely on you without question;6;trust
You’ve given me no reason to doubt your loyalty;6;trust
I know you’ll always stand by me;6;trust
You’re my go-to person for advice and guidance;6;trust
You’ve demonstrated time and again that I can trust you;6;trust
I feel comforted by the trust we’ve built together;6;trust
You’ve been a pillar of support in my life;6;trust
I trust you to always do what’s best for us;6;trust
I can’t wait for the weekend to arrive;7;anticipation
I’m so excited for what’s coming next;7;anticipation
I feel like something amazing is about to happen;7;anticipation
The countdown to the event has begun;7;anticipation
I’m eagerly waiting for the big day;7;anticipation
I feel a sense of excitement about the future;7;anticipation
I can’t stop thinking about what’s ahead;7;anticipation
I’m looking forward to seeing how this turns out;7;anticipation
The anticipation is building with every passing moment;7;anticipation
I’m thrilled to see what tomorrow will bring;7;anticipation
I feel like I’m on the edge of something great;7;anticipation
I can’t contain my excitement for the upcoming trip;7;anticipation
The thought of what’s ahead fills me with joy;7;anticipation
I’m counting down the days until it happens;7;anticipation
I feel like something incredible is just around the corner;7;anticipation
The wait is making me even more eager;7;anticipation
I’m buzzing with excitement for the big reveal;7;anticipation
The anticipation is almost too much to handle;7;anticipation
I can feel the energy building as the moment approaches;7;anticipation
I’m so ready for this to finally happen;7;anticipation
The suspense is making this even more thrilling;7;anticipation
I can’t help but feel hopeful about what’s to come;7;anticipation
I’m optimistic about the opportunities ahead;7;anticipation
The excitement of what’s next keeps me motivated;7;anticipation
I’m imagining all the possibilities that lie ahead;7;anticipation
I feel like this is the beginning of something special;7;anticipation
I’m so curious to see how everything unfolds;7;anticipation
The wait is making the experience even sweeter;7;anticipation
I’m filled with eager anticipation for the future;7;anticipation
I can’t stop thinking about all the exciting things ahead;7;anticipation
I feel like the best is yet to come;7;anticipation
The thought of what’s coming fills me with hope;7;anticipation
I’m so excited I can barely sit still;7;anticipation
The buildup to this moment has been incredible;7;anticipation
I’m eagerly awaiting the results of my hard work;7;anticipation
The anticipation is making this even more enjoyable;7;anticipation
I can feel the excitement in the air;7;anticipation
I’m ready to embrace whatever comes next;7;anticipation
The thought of what’s ahead keeps me going;7;anticipation
I’m so close to achieving my dreams I can feel it;7;anticipation
The anticipation is a reminder of how far I’ve come;7;anticipation
I feel like I’m standing on the brink of something amazing;7;anticipation
I’m looking forward to creating new memories;7;anticipation
The excitement of what’s to come is contagious;7;anticipation
I’m so excited I can’t stop smiling;7;anticipation
The thought of the future fills me with positivity;7;anticipation
I can’t wait to see where this journey takes me;7;anticipation
The anticipation is making every moment more meaningful;7;anticipation
I’m ready for the next chapter of my life;7;anticipation
I feel completely at peace in this moment;8;calm
This quiet time is exactly what I needed;8;calm
Sitting by the lake brings me so much serenity;8;calm
Meditating helps me stay calm and centered;8;calm
The stillness of the morning is so relaxing;8;calm
I feel like all my worries have melted away;8;calm
This moment of tranquility is priceless;8;calm
I’m at my most calm when I’m surrounded by nature;8;calm
Deep breaths help me maintain my inner peace;8;calm
I feel a sense of harmony within myself;8;calm
This atmosphere is so soothing and peaceful;8;calm
I feel grounded and stable right now;8;calm
This is the calmest I’ve felt in a long time;8;calm
The gentle breeze is incredibly relaxing;8;calm
This quiet moment is a gift;8;calm
I feel like nothing can disturb my peace;8;calm
I’m completely content in this stillness;8;calm
The calmness of this place is comforting;8;calm
I feel relaxed and free from tension;8;calm
This state of calm is exactly what I needed;8;calm
I’m at ease with myself and the world around me;8;calm
This peaceful environment is perfect for unwinding;8;calm
I feel like my mind is clear and focused;8;calm
The soft sounds of nature are so calming;8;calm
I feel a sense of balance and tranquility;8;calm
This moment of relaxation is so rejuvenating;8;calm
I’m grateful for this time to recharge;8;calm
The serenity of this moment is overwhelming;8;calm
I feel like I’m floating on a cloud of peace;8;calm
This quiet time helps me reconnect with myself;8;calm
I’m embracing the calmness of this experience;8;calm
I feel completely relaxed and free from stress;8;calm
This peaceful setting is my sanctuary;8;calm
I feel like I’ve let go of all my worries;8;calm
This calmness is like a soothing balm for my soul;8;calm
I feel a deep sense of contentment right now;8;calm
This tranquil environment is exactly what I needed;8;calm
I’m enjoying this rare moment of quiet;8;calm
The stillness of this place is so restorative;8;calm
I feel like I’m in perfect harmony with the world;8;calm
This sense of calm is truly uplifting;8;calm
I feel like my mind and body are in perfect balance;8;calm
This peaceful moment is helping me recharge;8;calm
I feel like I’m basking in the glow of serenity;8;calm
This calmness is like a gentle wave washing over me;8;calm
I feel so relaxed I could fall asleep;8;calm
This quiet moment feels like a precious gift;8;calm
I’m cherishing this time of peace and stillness;8;calm
This moment of calm is helping me find clarity;8;calm
I feel so deeply connected to them;9;love
My heart is full of love and warmth;9;love
There’s nothing I wouldn’t do for them;9;love
I care about them more than anything else;9;love
Being with them makes everything better;9;love
I feel so lucky to have them in my life;9;love
My affection for them grows stronger every day;9;love
This is the kind of love that lasts forever;9;love
I cherish every moment we spend together;9;love
They make my heart feel so alive;9;love
I can’t imagine my life without them;9;love
Loving them is the easiest thing I’ve ever done;9;love
I feel so grateful for their love and support;9;love
This love gives my life so much meaning;9;love
Their happiness means everything to me;9;love
I feel so much joy when I see them smile;9;love
This bond we share is unbreakable;9;love
I’m overwhelmed by how much I care for them;9;love
They make my heart feel so full;9;love
I love them more than words can express;9;love
This love feels like a blessing;9;love
They are my everything;9;love
My love for them knows no bounds;9;love
This connection we share is magical;9;love
I can’t help but smile when I think of them;9;love
They bring out the best in me;9;love
Loving them feels like the most natural thing in the world;9;love
I feel like I’ve found my soulmate;9;love
This love is the foundation of my happiness;9;love
Their love gives me so much strength;9;love
I feel so comforted by their presence;9;love
This is the kind of love that inspires me every day;9;love
They are the light of my life;9;love
I feel so at peace when I’m with them;9;love
This love makes me feel whole;9;love
Their love makes me feel invincible;9;love
I feel so cared for and appreciated by them;9;love
This is the purest form of love I’ve ever known;9;love
They are my greatest source of happiness;9;love
Loving them has changed my life for the better;9;love
This love feels like it was meant to be;9;love
I can’t imagine a day without thinking of them;9;love
They make me believe in the power of love;9;love
This is the kind of love that fills my soul;9;love
They’ve shown me what true love really is;9;love
This love is the foundation of my world;9;love
I feel like I’m in a dream when I’m with them;9;love
This love is my greatest treasure;9;love
I regret saying those hurtful words;10;guilt
I feel so bad about what I did to them;10;guilt
This guilt is eating me up inside;10;guilt
I can’t stop thinking about my mistakes;10;guilt
I wish I could take it all back;10;guilt
I feel like I’ve let everyone down;10;guilt
This guilt is weighing heavily on my heart;10;guilt
I can’t believe I hurt them like that;10;guilt
I feel ashamed of my actions;10;guilt
This remorse won’t leave me alone;10;guilt
I regret not being there when they needed me;10;guilt
I feel like I failed them completely;10;guilt
This guilt is a constant reminder of what I did;10;guilt
I can’t forgive myself for what happened;10;guilt
I feel so terrible about how things turned out;10;guilt
This guilt is keeping me up at night;10;guilt
I wish I could undo the damage I caused;10;guilt
I feel so responsible for their pain;10;guilt
I can’t stop blaming myself for what happened;10;guilt
This guilt makes me feel like a bad person;10;guilt
I regret not doing more to help;10;guilt
I feel like I’ve betrayed their trust;10;guilt
This guilt is making it hard to move on;10;guilt
I wish I could make things right again;10;guilt
I feel so remorseful about my choices;10;guilt
This guilt is like a shadow that follows me everywhere;10;guilt
I can’t escape the regret I feel;10;guilt
I wish I could go back and do things differently;10;guilt
I feel like I’ve made a terrible mistake;10;guilt
This guilt is overwhelming and unbearable;10;guilt
I can’t stop thinking about what I should have done;10;guilt
I feel so bad for letting them down;10;guilt
This guilt is tearing me apart inside;10;guilt
I regret not standing up for what was right;10;guilt
I feel like I’ve lost their trust forever;10;guilt
This guilt is making me question my character;10;guilt
I wish I could apologize and make amends;10;guilt
I feel so bad for not being honest with them;10;guilt
This guilt is a constant reminder of my failure;10;guilt
I can’t stop thinking about the pain I caused;10;guilt
I feel so terrible about my actions;10;guilt
This guilt makes me want to hide from the world;10;guilt
I regret not speaking up when I had the chance;10;guilt
This guilt is like a weight on my shoulders;10;guilt
I feel so bad for disappointing them;10;guilt
This guilt is something I can’t shake off;10;guilt
I wish I could turn back time and fix my mistakes;10;guilt
I feel so sorry for everything I’ve done;10;guilt
I can’t believe I made such a fool of myself;11;shame
This embarrassment is so hard to bear;11;shame
I feel humiliated by what happened;11;shame
I wish I could disappear after what I did;11;shame
This shame is too much to handle;11;shame
I feel so exposed and vulnerable;11;shame
I can’t believe I let this happen to me;11;shame
This mistake will haunt me forever;11;shame
I feel so disgraced in front of everyone;11;shame
This is the most shameful moment of my life;11;shame
I feel so small and insignificant right now;11;shame
This shame is making me want to hide;11;shame
I can’t believe I acted so foolishly;11;shame
This is a moment I’ll never live down;11;shame
I feel like I’ve lost all my dignity;11;shame
This shame is like a weight on my chest;11;shame
I can’t stop replaying the embarrassing moment in my head;11;shame
This humiliation is unbearable;11;shame
I feel like everyone is judging me;11;shame
This shame is making me question my self-worth;11;shame
I can’t believe I let everyone down like this;11;shame
This moment has left me feeling completely ashamed;11;shame
I wish I could erase this moment from my memory;11;shame
This shame is something I’ll never forget;11;shame
I feel like I’ve ruined my reputation;11;shame
This embarrassment is making it hard to move forward;11;shame
I can’t believe how stupid I must have looked;11;shame
This is the most humiliating experience of my life;11;shame
I feel like I’ve let myself down in every way;11;shame
This shame is making me want to run away;11;shame
I can’t believe I said something so inappropriate;11;shame
This shame is too overwhelming to deal with;11;shame
I feel like everyone is laughing at me;11;shame
This moment of shame will stick with me forever;11;shame
I feel so embarrassed by my actions;11;shame
This humiliation is making me avoid everyone;11;shame
I can’t believe I did something so stupid;11;shame
This shame is eating away at my confidence;11;shame
I feel like I’ve lost all respect from others;11;shame
This moment of disgrace is hard to recover from;11;shame
I wish I could go back and undo this;11;shame
This shame is making me feel so worthless;11;shame
I can’t believe how much I embarrassed myself;11;shame
This is the most mortifying experience of my life;11;shame
I feel like I’ve failed in front of everyone;11;shame
This shame is making it hard to face people;11;shame
I wish I could hide forever after this;11;shame
I wish I could have what they have;12;jealousy
Why do they always get the things I want;12;jealousy
I can’t stop envying their success;12;jealousy
It’s hard not to feel jealous of their achievements;12;jealousy
I feel so insecure when I see their life;12;jealousy
Their success makes me feel like I’m not enough;12;jealousy
I can’t believe how lucky they are;12;jealousy
This jealousy is making it hard to be happy for them;12;jealousy
I feel like I’m falling behind compared to them;12;jealousy
I can’t stop comparing myself to them;12;jealousy
This jealousy is eating me up inside;12;jealousy
I wish I had their confidence and skills;12;jealousy
Their life seems so perfect compared to mine;12;jealousy
I can’t stop thinking about what they have that I don’t;12;jealousy
This jealousy is making me question my worth;12;jealousy
I feel so envious of their position in life;12;jealousy
I wish I could trade places with them;12;jealousy
This feeling of jealousy is overwhelming;12;jealousy
I can’t help but feel resentful of their success;12;jealousy
This jealousy is making it hard to focus on my own life;12;jealousy
I feel like I’m always in their shadow;12;jealousy
Their accomplishments make me feel so small;12;jealousy
I can’t stop wishing I had their opportunities;12;jealousy
This jealousy is taking a toll on me emotionally;12;jealousy
I feel like I’ll never measure up to them;12;jealousy
Their happiness makes me feel so inadequate;12;jealousy
I wish I could achieve the same things they have;12;jealousy
This jealousy is clouding my judgment;12;jealousy
I feel so envious of their lifestyle;12;jealousy
Their success makes me feel like a failure;12;jealousy
I can’t stop feeling bitter about their achievements;12;jealousy
I wish I had the same luck as them;12;jealousy
This jealousy is making me feel miserable;12;jealousy
I feel like I’m always comparing myself to them;12;jealousy
Their accomplishments make me feel so insignificant;12;jealousy
I can’t stop thinking about how unfair life is;12;jealousy
This jealousy is making it hard to enjoy my own successes;12;jealousy
I wish I could stop feeling this way;12;jealousy
This feeling of jealousy is consuming me;12;jealousy
Their life seems so effortless and it makes me envious;12;jealousy
I can’t believe how much I want what they have;12;jealousy
This jealousy is making it hard to focus on myself;12;jealousy
I feel like I’ll never be as good as them;12;jealousy
Their success makes me feel so undeserving;12;jealousy
I can’t stop feeling jealous no matter how hard I try;12;jealousy
This jealousy is a constant reminder of my shortcomings;12;jealousy
I wish I could feel happy for them instead of envious;12;jealousy
I’m so proud of what I’ve accomplished;13;pride
This achievement is a testament to my hard work;13;pride
I feel a deep sense of satisfaction with this success;13;pride
This is a moment I’ll always cherish;13;pride
I’m proud to be part of such an amazing team;13;pride
This success is something I’ll never forget;13;pride
I feel like I’ve truly earned this recognition;13;pride
This accomplishment fills me with pride;13;pride
I’m so happy with how far I’ve come;13;pride
This is a milestone worth celebrating;13;pride
I feel like all my hard work has paid off;13;pride
This success is a reflection of my dedication;13;pride
I’m proud to have overcome so many obstacles;13;pride
This is one of the proudest moments of my life;13;pride
I feel a deep sense of pride in my achievements;13;pride
This is a moment that makes everything worthwhile;13;pride
I’m so glad I didn’t give up on this journey;13;pride
This success is a reminder of what I’m capable of;13;pride
I feel so proud of myself for reaching this goal;13;pride
This accomplishment is a dream come true;13;pride
I’m proud of how far I’ve come despite the challenges;13;pride
This success is something I’ve worked so hard for;13;pride
I feel like I’ve proven myself to everyone;13;pride
This achievement is a source of great pride for me;13;pride
I’m so happy with what I’ve achieved today;13;pride
This success is something I’ll always treasure;13;pride
I feel a deep sense of pride in my work;13;pride
This accomplishment is a reflection of my growth;13;pride
I’m proud to have made such a positive impact;13;pride
This is a moment I’ll always remember fondly;13;pride
I feel like I’ve truly made a difference;13;pride
This achievement is a milestone in my journey;13;pride
I’m so proud of the progress I’ve made;13;pride
This success is something I’ll share with pride;13;pride
I feel like I’ve accomplished something truly meaningful;13;pride
This is a moment I’ll celebrate for years to come;13;pride
I’m proud to have achieved something so significant;13;pride
This success is a reminder of how far I’ve come;13;pride
I feel like I’ve made myself and others proud;13;pride
This accomplishment is a result of my perseverance;13;pride
I’m proud to see my hard work finally pay off;13;pride
This success is something I’ll always look back on with pride;13;pride
I feel a sense of pride in everything I’ve done;13;pride
This achievement is a validation of my efforts;13;pride
I’m so happy to have reached this milestone;13;pride
This success is a reflection of all the sacrifices I’ve made;13;pride
I feel like I’ve truly earned this moment of pride;13;pride
